{
 "sections": [
  {
   "id": "39a7973e-439c-8d31-d466-416e698b358e",
   "title": "Page 1",
   "files": [],
   "path": [],
   "type": "markdown",
   "content-file": ".guides/content/Page-1-39a7.md",
   "chapter": false,
   "reset": [],
   "teacherOnly": false,
   "closeTerminalSession": true,
   "learningObjectives": ""
  },
  {
   "id": "894af2ae-6038-a73b-2d4b-5457a5775da5",
   "title": "Page 2",
   "files": [],
   "path": [],
   "type": "markdown",
   "content-file": ".guides/content/Page-2-894a.md",
   "chapter": false,
   "reset": [],
   "teacherOnly": false,
   "closeTerminalSession": true,
   "learningObjectives": ""
  }
 ],
 "theme": "light",
 "scripts": [],
 "lexikonTopic": "",
 "useSubmitButtons": true,
 "useMarkAsComplete": true
}